id_aset,BAST_PEMAKAI_NOMOR,BAST_PEMAKAI_TANGGAL,DOKUMEN_SUMBER_PENGGUNA_NOMOR,DOKUMEN_SUMBER_PENGGUNA_TANGGAL,DOKUMEN_PENDUKUNG_LAINNYA_NAMA,DOKUMEN_PENDUKUNG_LAINNYA_TANGGAL,KETERANGAN
AST-KDRN-2026-00001,0001.4/ 1053 /430.9.3/2026,5 Januari 2026,,,,,
AST-KDRN-2026-00002,0001.4/ 1054 /430.9.3/2026,5 Januari 2026,,,,,
AST-KDRN-2026-00003,0001.4/ 1055 /430.9.3/2026,5 Januari 2026,,,,,
AST-KDRN-2026-00004,0001.4/ 1056 /430.9.3/2026,5 Januari 2026,,,,,
AST-KDRN-2026-00005,0001.4/ 1057 /430.9.3/2026,5 Januari 2026,,,,,
AST-KDRN-2026-00006,0001.4/ 1058 /430.9.3/2026,5 Januari 2026,,,,,
AST-KDRN-2026-00007,0001.4/ 1059 /430.9.3/2026,5 Januari 2026,,,,,
AST-KDRN-2026-00008,0001.4/ 1060 /430.9.3/2026,5 Januari 2026,,,,,
AST-KDRN-2026-00009,0001.4/ 1061 /430.9.3/2026,5 Januari 2026,,,,,
AST-KDRN-2026-00010,0001.4/ 1062 /430.9.3/2026,5 Januari 2026,,,,,
AST-KDRN-2026-00011,0001.4/ 1063 /430.9.3/2026,5 Januari 2026,,,,,
AST-KDRN-2026-00012,0001.4/ 1064 /430.9.3/2026,5 Januari 2026,,,,,
AST-PRLTN-2026-00002,0001.4/ 1065 /430.9.3/2026,5 Januari 2026,,,,,
AST-PRLTN-2026-00003,0001.4/ 1066 /430.9.3/2026,5 Januari 2026,,,,,
AST-PRLTN-2026-00004,0001.4/ 1067 /430.9.3/2026,5 Januari 2026,,,,,
AST-PRLTN-2026-00005,0001.4/ 1068 /430.9.3/2026,5 Januari 2026,,,,,
AST-PRLTN-2026-00006,0001.4/ 1069 /430.9.3/2026,5 Januari 2026,,,,,
AST-PRLTN-2026-00007,0001.4/ 1070 /430.9.3/2026,5 Januari 2026,,,,,
AST-PRLTN-2026-00010,0001.4/ 1071 /430.9.3/2026,5 Januari 2026,,,,,
AST-PRLTN-2026-00012,0001.4/ 1072 /430.9.3/2026,5 Januari 2026,,,,,
AST-PRLTN-2026-00013,0001.4/ 1073 /430.9.3/2026,5 Januari 2026,,,,,
AST-PRLTN-2026-00014,0001.4/ 1074 /430.9.3/2026,5 Januari 2026,,,,,
AST-PRLTN-2026-00015,0001.4/ 1075 /430.9.3/2026,5 Januari 2026,,,,,
AST-PRLTN-2026-00016,0001.4/ 1076 /430.9.3/2026,5 Januari 2026,,,,,
AST-PRLTN-2026-00017,0001.4/ 1077 /430.9.3/2026,5 Januari 2026,,,,,
AST-PRLTN-2026-00018,0001.4/ 1078 /430.9.3/2026,5 Januari 2026,,,,,
AST-PRLTN-2026-00020,0001.4/ 1079 /430.9.3/2026,5 Januari 2026,,,,,
AST-PRLTN-2026-00021,0001.4/ 1080 /430.9.3/2026,5 Januari 2026,,,,,
AST-PRLTN-2026-00022,0001.4/ 1081 /430.9.3/2026,5 Januari 2026,,,,,
AST-PRLTN-2026-00023,0001.4/ 1082 /430.9.3/2026,5 Januari 2026,,,,,
AST-PRLTN-2026-00025,0001.4/ 1083 /430.9.3/2026,5 Januari 2026,,,,,
AST-PRLTN-2026-00027,0001.4/ 1084 /430.9.3/2026,5 Januari 2026,,,,,
AST-PRLTN-2026-00028,0001.4/ 1085 /430.9.3/2026,5 Januari 2026,,,,,
AST-PRLTN-2026-00029,0001.4/ 1086 /430.9.3/2026,5 Januari 2026,,,,,
AST-PRLTN-2026-00030,0001.4/ 1087 /430.9.3/2026,5 Januari 2026,,,,,
AST-PRLTN-2026-00031,0001.4/ 1088 /430.9.3/2026,5 Januari 2026,,,,,
AST-PRLTN-2026-00032,0001.4/ 1089 /430.9.3/2026,5 Januari 2026,,,,,
AST-PRLTN-2026-00033,0001.4/ 1090 /430.9.3/2026,5 Januari 2026,,,,,
AST-PRLTN-2026-00034,0001.4/ 1091 /430.9.3/2026,5 Januari 2026,,,,,
AST-PRLTN-2026-00036,0001.4/ 1092 /430.9.3/2026,5 Januari 2026,,,,,
AST-PRLTN-2026-00037,0001.4/ 1093 /430.9.3/2026,5 Januari 2026,,,,,
AST-PRLTN-2026-00038,0001.4/ 1094 /430.9.3/2026,5 Januari 2026,,,,,
AST-PRLTN-2026-00039,0001.4/ 1095 /430.9.3/2026,5 Januari 2026,,,,,
AST-PRLTN-2026-00043,0001.4/ 1096 /430.9.3/2026,5 Januari 2026,,,,,
AST-PRLTN-2026-00049,0001.4/ 1097 /430.9.3/2026,5 Januari 2026,,,,,
AST-PRLTN-2026-00050,0001.4/ 1098 /430.9.3/2026,5 Januari 2026,,,,,
AST-PRLTN-2026-00052,0001.4/ 1099 /430.9.3/2026,5 Januari 2026,,,,,
AST-PRLTN-2026-00053,0001.4/ 1100 /430.9.3/2026,5 Januari 2026,,,,,
AST-PRLTN-2026-00054,0001.4/ 1101 /430.9.3/2026,5 Januari 2026,,,,,
AST-PRLTN-2026-00055,0001.4/ 1102 /430.9.3/2026,5 Januari 2026,,,,,
AST-PRLTN-2026-00056,0001.4/ 1103 /430.9.3/2026,5 Januari 2026,,,,,
AST-PRLTN-2026-00057,0001.4/ 1104 /430.9.3/2026,5 Januari 2026,,,,,
AST-PRLTN-2026-00058,0001.4/ 1105 /430.9.3/2026,5 Januari 2026,,,,,
AST-PRLTN-2026-00059,0001.4/ 1106 /430.9.3/2026,5 Januari 2026,,,,,
AST-PRLTN-2026-00060,0001.4/ 1107 /430.9.3/2026,5 Januari 2026,,,,,
AST-PRLTN-2026-00061,0001.4/ 1108 /430.9.3/2026,5 Januari 2026,,,,,
AST-PRLTN-2026-00062,0001.4/ 1109 /430.9.3/2026,5 Januari 2026,,,,,
AST-PRLTN-2026-00063,0001.4/ 1110 /430.9.3/2026,5 Januari 2026,,,,,
AST-PRLTN-2026-00064,0001.4/ 1111 /430.9.3/2026,5 Januari 2026,,,,,
AST-PRLTN-2026-00065,0001.4/ 1112 /430.9.3/2026,5 Januari 2026,,,,,
AST-PRLTN-2026-00066,0001.4/ 1113 /430.9.3/2026,5 Januari 2026,,,,,
AST-PRLTN-2026-00067,0001.4/ 1114 /430.9.3/2026,5 Januari 2026,,,,,
AST-PRLTN-2026-00068,0001.4/ 1115 /430.9.3/2026,5 Januari 2026,,,,,
AST-PRLTN-2026-00069,0001.4/ 1116 /430.9.3/2026,5 Januari 2026,,,,,
AST-PRLTN-2026-00070,0001.4/ 1117 /430.9.3/2026,5 Januari 2026,,,,,
AST-PRLTN-2026-00071,0001.4/ 1118 /430.9.3/2026,5 Januari 2026,,,,,